[
  {
    "flipbook_texture": "textures/blocks/fire_0",
    "atlas_tile": "fire_0",
    "frames": [ 16, 17, 18, 19, 20, 21, 22, 23, 24, 25, 26, 27, 28, 29, 30, 31, 0, 1, 2, 3, 4, 5, 6, 7, 8, 9, 10, 11, 12, 13, 14, 15 ]
  },
  {
    "flipbook_texture": "textures/blocks/soul_sand",
    "atlas_tile": "soul_sand", 
    "frametime": "2",
    "frames": [ 0, 1, 2, 3, 4, 5, 6, 7, 8, 9, 10, 11, 12, 13, 14, 15, 16, 17, 18, 19, 20, 21, 22, 23, 24, 25, 26, 27, 28, 29, 30, 31 ]
  },
  {
   "flipbook_texture": "textures/blocks/sandstone_top",
   "atlas_tile": "sandstone_top",
   "ticks_per_frame": 1
  },
  {
   "flipbook_texture": "textures/blocks/sandstone_smooth",
   "atlas_tile": "sandstone_smooth",
   "ticks_per_frame": 1
  },
  { 
    "flipbook_texture": "textures/blocks/sandstone_side",
    "atlas_tile": "sandstone",
    "tickd_per_frame": 1
  },
  {
   "flipbook_texture": "textures/blocks/sandstone_bottom",
   "atlas_tile": "sandstone_bottom",
   "ticks_per_frame":  1
  },
  {
   "flipbook_texture": "textures/blocks/red_sandstone_top",
   "atlas_tile": "red_sandstone_top",
   "ticks_per_frame": 1
  },
  {
   "flipbook_texture": "textures/blocks/red_sandstone_smooth",
  "atlas_tile":"red_sandstone_smooth",
   "ticks_per_frame": 1
  },
  {
   "flipbook_texture": "textures/blocks/red_sandstone_bottom",
  "atlas_tile":"red_sandstone_bottom",
   "ticks_per_frame":  1
  },
  {
    "flipbook_texture": "textures/blocks/end_stone",
    "atlas_tile": "end_stone",
    "ticks_per_frame": 1
  },
  {
    "flipbook_texture": "textures/blocks/gold_ore",
    "atlas_tile": "gold_ore",
    "ticks_per_frame": 0
  },
  {
    "flipbook_texture": "textures/blocks/emerald_ore",
    "atlas_tile": "emerald_ore",
    "ticks_per_frame": 0
  },
  {
    "flipbook_texture": "textures/blocks/redstone_ore",
    "atlas_tile": "redstone_ore",
    "ticks_per_frame": 3
  },
  {
    "flipbook_texture": "textures/blocks/fire_1",
    "atlas_tile": "fire_1",
    "frames": [ 0, 1, 2, 3, 4, 5, 6, 7, 8, 9, 10, 11, 12, 13, 14, 15, 16, 17, 18, 19, 20, 21, 22, 23, 24, 25, 26, 27, 28, 29, 30, 31 ]
  },
  {
    "flipbook_texture": "textures/items/diamond_sword",
    "atlas_tile": "diamond_sword",
    "ticks_per_frame": 5
  },
  {
    "flipbook_texture": "textures/blocks/ladder",
    "atlas_tile": "ladder",
    "ticks_per_frame": 0
  },
  {
    "flipbook_texture": "textures/blocks/web",
    "atlas_tile": "web",
    "ticks_per_frame": 0
  },
  {
    "flipbook_texture": "textures/flame_atlas",
    "atlas_tile": "flame_atlas",
    "frames": [ 0, 1, 2, 3, 4, 5, 6, 7, 8, 9, 10, 11, 12, 13, 14, 15, 16, 17, 18, 19, 20, 21, 22, 23, 24, 25, 26, 27, 28, 29, 30, 31 ]
  }
]